{"roofs": {"memory": [[[0, 9.861406543584161], [0, 553.976638408]], [[0, 0.32574326336729337], [0, 553.976638408]], [[0, 1.3481687219287344], [0, 553.976638408]], [[0, 1.2292437166159822], [0, 553.976638408]], [[0, 3.969532123830857], [0, 553.976638408]], [[0, 2.7848975737751327], [0, 553.976638408]], [[0, 4.205852918834894], [0, 553.976638408]]], "compute": [[[0.32574326336729337, 32], [553.976638408, 553.976638408]], [[0.08367807504694869, 32], [142.307467064, 142.307467064]]]}, "overview": {"total_ai": 0.4308124041319432, "total_gflops": 7.495852334419978}}