{"roofs": {"memory": [[[0, 9.978724618907467], [0, 564.819997468]], [[0, 0.3194115125479314], [0, 564.819997468]], [[0, 1.3860974525939445], [0, 564.819997468]], [[0, 1.2177107409618941], [0, 564.819997468]], [[0, 3.944413438001678], [0, 564.819997468]], [[0, 2.673983251903908], [0, 564.819997468]], [[0, 4.234319324306571], [0, 564.819997468]]], "compute": [[[0.3194115125479314, 32], [564.819997468, 564.819997468]], [[0.07756610573630623, 32], [137.161266656, 137.161266656]]]}, "overview": {"total_ai": 0.4308124041319432, "total_gflops": 7.08427650010995}}