{"roofs": {"memory": [[[0, 10.056708810438515], [0, 569.492476867]], [[0, 0.3240226512210037], [0, 569.492476867]], [[0, 1.3909133103353155], [0, 569.492476867]], [[0, 1.2218644936190932], [0, 569.492476867]], [[0, 3.992877274168432], [0, 569.492476867]], [[0, 2.702653944865356], [0, 569.492476867]], [[0, 4.3147168163763645], [0, 569.492476867]]], "compute": [[[0.3240226512210037, 32], [569.492476867, 569.492476867]], [[0.08096468463109523, 32], [142.301097209, 142.301097209]]]}, "overview": {"total_ai": 0.0, "total_gflops": 0.0}}