{"roofs": {"memory": [[[0, 10.020226743066827], [0, 566.036289039]], [[0, 0.320304567381187], [0, 566.036289039]], [[0, 1.390042362621018], [0, 566.036289039]], [[0, 1.2391703472293485], [0, 566.036289039]], [[0, 4.005198155945653], [0, 566.036289039]], [[0, 2.8298829293910255], [0, 566.036289039]], [[0, 4.241645574230134], [0, 566.036289039]]], "compute": [[[0.320304567381187, 32], [566.036289039, 566.036289039]], [[0.07931379007851927, 32], [140.161858361, 140.161858361]]]}, "overview": {"total_ai": 0.4308124041319433, "total_gflops": 21.36438725206257}}